,mhc_type,accuracy,precision,recall,f1,positive,count,auroc
0,HLA-B*27:05,0.899059,0.841868,0.611944,0.708725,7334,36546,0.911652
1,HLA-B*15:01,0.959762,0.897122,0.902969,0.900036,2762,13768,0.987176
2,HLA-A*31:01,0.935350,0.827550,0.855435,0.841261,920,4594,0.980613
3,HLA-B*18:01,0.971479,0.950820,0.904232,0.926941,449,2244,0.991949
4,HLA-B*57:01,0.956132,0.921100,0.854097,0.886334,2392,11945,0.978195
5,HLA-C*02:02,0.959451,0.894251,0.904465,0.899329,963,4809,0.990359
6,HLA-B*35:01,0.954022,0.890459,0.878559,0.884469,1721,8591,0.980059
7,HLA-A*33:01,0.951807,0.850427,0.921296,0.884444,216,1079,0.981819
8,HLA-B*15:42,0.904594,0.826087,0.666667,0.737864,57,283,0.969725
9,HLA-A*02:06,0.924182,0.815327,0.803218,0.809227,808,4036,0.970192
10,HLA-B*07:02,0.965501,0.916022,0.911436,0.913723,2597,12957,0.989537
11,HLA-A*02:01,0.930863,0.851159,0.794674,0.821947,4807,23938,0.961705
12,HLA-B*44:03,0.982990,0.958298,0.956670,0.957483,1177,5879,0.995827
13,HLA-C*16:01,0.956371,0.882768,0.901876,0.892220,693,3461,0.988767
14,HLA-C*03:04,0.963433,0.892601,0.929193,0.910529,805,4020,0.990971
15,HLA-B*27:09,0.947024,0.922380,0.802928,0.858519,888,4436,0.976137
16,HLA-B*46:01,0.955515,0.887538,0.890244,0.888889,328,1641,0.986616
17,HLA-B*57:03,0.963579,0.909530,0.908434,0.908981,830,4146,0.988108
18,HLA-B*13:02,0.977630,0.950298,0.937255,0.943731,510,2548,0.997253
19,HLA-A*01:01,0.963160,0.913329,0.901475,0.907363,1695,8469,0.990532
20,HLA-A*32:01,0.959328,0.901932,0.893962,0.897929,679,3393,0.982225
21,HLA-A*02:03,0.937059,0.836005,0.852830,0.844334,795,3972,0.975199
22,HLA-B*51:01,0.954930,0.898656,0.873367,0.885831,995,4970,0.981386
23,HLA-B*40:02,0.976140,0.933202,0.948735,0.940905,1502,7502,0.993419
24,HLA-B*14:02,0.968985,0.912844,0.934272,0.923434,639,3192,0.992862
25,HLA-A*02:12,0.934783,0.862745,0.800000,0.830189,55,276,0.976717
26,HLA-A*24:02,0.956661,0.898623,0.883149,0.890819,1626,8122,0.977291
27,HLA-B*27:03,0.973451,0.891429,0.987342,0.936937,158,791,0.996650
28,HLA-B*58:01,0.956345,0.900463,0.879096,0.889651,885,4421,0.979167
29,HLA-B*44:02,0.975111,0.943357,0.931630,0.937457,1448,7232,0.992913
30,HLA-C*05:01,0.959782,0.917062,0.878547,0.897391,881,4401,0.987929
31,HLA-A*02:04,0.958832,0.901515,0.891386,0.896422,267,1336,0.985387
32,HLA-A*02:07,0.958988,0.875226,0.927203,0.900465,522,2609,0.984914
33,HLA-C*04:01,0.943095,0.887762,0.819672,0.852359,1708,8523,0.971122
34,HLA-C*03:03,0.956501,0.895047,0.886682,0.890845,856,4276,0.985430
35,HLA-B*37:01,0.979484,0.939024,0.959834,0.949315,722,3607,0.996984
36,HLA-A*03:01,0.953688,0.875805,0.896000,0.885787,2125,10602,0.984748
37,HLA-B*38:01,0.988450,0.957944,0.985577,0.971564,624,3117,0.998641
38,HLA-A*11:01,0.951866,0.871298,0.891460,0.881264,1815,9058,0.980089
39,HLA-A*26:01,0.963045,0.915730,0.898072,0.906815,363,1813,0.988473
40,HLA-C*07:01,0.954096,0.891213,0.877747,0.884429,728,3638,0.985339
41,HLA-C*08:02,0.969803,0.912181,0.939689,0.925731,1028,5133,0.994012
42,HLA-A*29:02,0.955797,0.897747,0.879457,0.888508,1178,5882,0.978589
43,HLA-A*68:02,0.920926,0.836910,0.751445,0.791878,1038,5185,0.957426
44,HLA-C*06:02,0.947610,0.896450,0.834711,0.864479,1089,5440,0.979605
45,HLA-B*53:01,0.966412,0.936000,0.893130,0.914062,131,655,0.984267
46,HLA-B*27:08,0.977549,0.942598,0.945455,0.944024,330,1648,0.993190
47,HLA-A*68:01,0.956636,0.887762,0.896854,0.892285,1367,6826,0.986906
48,HLA-B*39:06,0.980998,0.952569,0.952569,0.952569,253,1263,0.997010
49,HLA-B*54:01,0.960717,0.935185,0.863248,0.897778,234,1171,0.973232
50,HLA-C*07:02,0.958138,0.874802,0.923077,0.898291,598,2986,0.986240
51,HLA-B*35:03,0.981459,0.955108,0.952160,0.953632,648,3236,0.996666
52,HLA-B*08:01,0.956040,0.887533,0.893766,0.890639,1139,5687,0.987223
53,HLA-C*15:02,0.960452,0.892638,0.912226,0.902326,319,1593,0.991491
54,HLA-B*49:01,0.984608,0.955224,0.968474,0.961803,793,3963,0.998250
55,HLA-B*39:24,0.973306,0.946809,0.917526,0.931937,97,487,0.995691
56,HLA-A*02:17,0.957082,0.877551,0.914894,0.895833,47,233,0.979524
57,HLA-A*23:01,0.967066,0.926995,0.906977,0.916877,602,3006,0.992559
58,HLA-B*40:01,0.974120,0.937358,0.933107,0.935227,882,4405,0.991338
59,HLA-B*27:06,0.983051,0.967568,0.947090,0.957219,189,944,0.993903
60,HLA-A*26:03,0.893939,0.875000,0.538462,0.666667,13,66,0.956459
61,HLA-A*30:01,0.905483,0.785156,0.725632,0.754221,277,1386,0.932303
62,HLA-C*01:02,0.947423,0.881402,0.851562,0.866225,384,1921,0.981418
63,HLA-B*35:08,0.968985,0.920561,0.924883,0.922717,213,1064,0.988624
64,HLA-A*02:02,0.912132,0.779156,0.783042,0.781095,401,2003,0.962025
65,HLA-C*07:04,0.967633,0.923567,0.913866,0.918691,476,2379,0.991918
66,HLA-B*27:01,0.988030,0.969283,0.970940,0.970111,585,2924,0.996862
67,HLA-C*14:02,0.978116,0.951807,0.938242,0.944976,421,2102,0.996172
68,HLA-B*15:18,0.987209,0.944751,0.994186,0.968839,172,860,0.998690
69,HLA-B*45:01,0.959859,0.902439,0.896476,0.899448,454,2267,0.985959
70,HLA-B*27:02,0.985098,0.959144,0.966667,0.962891,510,2550,0.994608
71,HLA-B*39:01,0.969010,0.925316,0.919497,0.922397,795,3969,0.992917
72,HLA-B*56:01,0.961672,0.872000,0.947826,0.908333,115,574,0.986549
73,HLA-A*69:01,0.930962,0.841530,0.806283,0.823529,191,956,0.974992
74,HLA-B*73:01,0.987745,0.975309,0.963415,0.969325,82,408,0.993790
75,HLA-B*50:01,0.974755,0.922034,0.954386,0.937931,285,1426,0.995750
76,HLA-B*51:08,0.995614,0.989011,0.989011,0.989011,91,456,0.999789
77,HLA-A*25:01,0.979167,0.904762,1.000000,0.950000,19,96,1.000000
78,HLA-B*41:01,0.975758,0.922330,0.959596,0.940594,99,495,0.992552
79,HLA-A*02:05,0.962676,0.885776,0.934091,0.909292,440,2197,0.992297
80,HLA-C*17:01,0.958237,0.895349,0.895349,0.895349,86,431,0.990462
81,HLA-C*12:03,0.952352,0.872727,0.891641,0.882083,323,1616,0.987511
82,HLA-B*83:01,0.937500,0.857143,0.823529,0.840000,51,256,0.976184
83,HLA-A*26:02,0.941489,0.885714,0.815789,0.849315,38,188,0.976667
84,HLA-B*15:17,0.895674,0.796875,0.645570,0.713287,79,393,0.965573
85,HLA-B*18:03,0.957547,0.902439,0.880952,0.891566,42,212,0.986975
86,HLA-A*24:13,0.940678,0.840000,0.875000,0.857143,24,118,0.969415
87,HLA-A*30:02,0.910059,0.781818,0.763314,0.772455,169,845,0.938395
88,HLA-A*02:20,0.966292,0.898204,0.937500,0.917431,160,801,0.993311
89,HLA-B*15:02,0.981043,0.931818,0.976190,0.953488,42,211,0.996619
90,HLA-A*02:16,0.953947,0.960000,0.800000,0.872727,30,152,0.986885
91,HLA-A*32:15,0.982759,0.923077,1.000000,0.960000,12,58,0.994565
92,HLA-A*02:19,0.974747,0.926829,0.950000,0.938272,40,198,0.998576
93,HLA-A*66:01,0.905405,0.900000,0.600000,0.720000,15,74,0.931073
94,HLA-B*14:01,0.960526,0.875000,0.933333,0.903226,15,76,0.982514
95,HLA-B*52:01,0.961071,0.902439,0.902439,0.902439,82,411,0.988027
96,HLA-A*02:11,0.917683,0.842105,0.727273,0.780488,66,328,0.965475
97,HLA-A*24:03,0.935065,0.875000,0.790323,0.830508,62,308,0.970102
98,HLA-A*32:07,0.971429,0.928571,0.928571,0.928571,14,70,0.997449
99,HLA-B*15:03,0.880734,0.696970,0.707692,0.702290,65,327,0.948679
100,HLA-B*48:01,0.957447,0.857143,0.947368,0.900000,19,94,0.995789
101,HLA-B*15:09,0.939024,0.823529,0.875000,0.848485,16,82,0.977273
102,HLA-A*80:01,0.964789,0.896552,0.928571,0.912281,28,142,0.990915
103,HLA-B*44:27,0.981481,0.916667,1.000000,0.956522,11,54,0.997886
104,HLA-A*68:23,0.906250,0.888889,0.615385,0.727273,13,64,0.962293
105,HLA-B*27:20,0.917808,0.846154,0.733333,0.785714,15,73,0.989655
